,abstract,headline,pub_date
0,"about a fifth of the nation’s economy depends on the vacation industry. before the pandemic, the country was one of the world’s top destinations, drawing nearly 40 million visitors in 2019.",thailand reopens to tourists from 63 countries without requiring quarantine.,2021-11-01 12:26:03+00:00
1,"as some try to lure audiences back with short programs, the metropolitan opera is staging its longest work: wagner’s “die meistersinger.”",a 6-hour opera in a pandemic? the met goes for it.,2021-11-01 14:14:46+00:00
2,"while big companies wield considerable power, covid’s economic disruption has given workers new leverage, contributing to a recent upturn in strikes.",how the pandemic has added to labor unrest,2021-11-01 15:06:46+00:00
3,"the labor department has completed a draft of an emergency standard, which is under review. when it is released, a flurry of corporate vaccine mandates is expected to follow.",the biden administration will publish vaccine mandate rules ‘in the coming days.’,2021-11-01 16:29:36+00:00
4,"after months of production delays, this is the first vaccine authorization for novavax and its manufacturing partner, the serum institute of india.","the novavax vaccine, backed by operation warp speed, has won its first authorization — in indonesia.",2021-11-01 16:40:48+00:00
5,"the city can require officers to report their vaccination status and be tested, but a dec. 31 deadline to be vaccinated cannot be enforced until an arbitrator weighs in, the judge ruled.",a judge blocks chicago from enforcing its vaccine mandate for police officers.,2021-11-01 19:24:11+00:00
6,"the latest data is reassuring. myocarditis remains very uncommon, and it is almost always mild and temporary. the heart risk from covid-19 itself is far greater.",how often do covid vaccines cause heart problems in kids?,2021-11-01 21:44:28+00:00
7,a reporter in south africa shares her experience with the country’s battle with aids.,coronavirus briefing: what happened today,2021-11-01 21:49:44+00:00
8,it’s hard to imagine a worse case for defending personal choice.,"no, vaccine mandates aren’t an attack on freedom",2021-11-01 23:22:38+00:00
9,"the actress, who played the titular character in the 1992 film “buffy the vampire slayer,” said she had pneumonia.","kristy swanson, actress and vaccine skeptic, is hospitalized with covid.",2021-11-02 00:02:48+00:00
10,"in sarah hall’s novel “burntcoat,” a fictionalized pandemic spurs a sculptor to productive heights.","an artist in lockdown, forged by catastrophe",2021-11-02 09:00:08+00:00
11,"during día de muertos, or day of the dead, we remember those who have been lost.",the unequal toll of covid-19 in california,2021-11-02 12:59:45+00:00
12,about a ross douthat column suggesting that liberal states are being too stringent and should move toward normalcy. also: women and finances; aging prisoners.,how blue and red states deal with covid,2021-11-02 15:12:53+00:00
13,"the analysis by penn state and iowa researchers strongly indicates that deer are getting the virus from humans, worrying experts about a deep wild reservoir for the virus.","widespread coronavirus infection found in iowa deer, new study says",2021-11-02 16:13:52+00:00
14,"for two years in a row, the company is on track to bring in more single-year revenue from the shots than any other medical product in history.",pfizer’s covid vaccine could break sales records again next year.,2021-11-02 17:41:12+00:00
15,the reasons men are more likely than women to die of or become severely ill with covid-19 remain unclear.,an unsolved mystery: why do more men die of covid-19?,2021-11-02 19:00:09+00:00
16,"the reopening comes just ahead of the holiday season, clearing the way for tourists and other nonessential travelers after about 19 months of border closures",u.s. officials urge travelers arriving by land to have travel and vaccine documents ready.,2021-11-02 19:02:01+00:00
17,"employees must all be vaccinated, but some are upset that the upcoming show is not also testing them for the virus, as is done on broadway and at other major performing venues.","at the radio city christmas show, some workers worry about covid rules",2021-11-02 19:20:12+00:00
18,we’d love to hear about your reunion plans.,are you welcoming back family and friends now that u.s. travel restrictions are ending?,2021-11-02 20:02:48+00:00
19,"in an anthology of nine short films made during the onset of the coronavirus pandemic, people around the world fight to survive.",‘isolation’ review: dispatches from a different pandemic,2021-11-02 22:07:04+00:00
20,"the majority of active-duty troops have gotten a mandatory coronavirus vaccine ahead of deadline, with religious-based exemptions largely dismissed.",military grants few vaccine exemptions as deadlines loom,2021-11-02 22:11:52+00:00
21,shots for kids soon.,coronavirus briefing: what happened today,2021-11-02 22:14:40+00:00
22,"with the agency director’s sign-off, children ages 5 to 11 could begin to receive the shots this week.",c.d.c. recommends covid vaccine for younger children,2021-11-02 23:19:05+00:00
23,"every child 5 years and older is now eligible, but getting an appointment may take a little patience.",how to get a covid shot for your kid,2021-11-02 23:52:32+00:00
24,many parents have been anxiously waiting for the moment their 5- to 11-year-olds could be inoculated. that day has arrived.,young children are lining up for next wave of covid vaccines,2021-11-03 09:00:10+00:00
25,"all around the world, the pandemic provoked strange nocturnal visions. can they help shed light on the age-old question of why we dream at all?",did covid change how we dream?,2021-11-03 09:00:22+00:00
26,president rodrigo duterte of the philippines has warned local officials that they will be punished if they fail to meet vaccination targets as the country slowly reopens.,duterte vows to punish philippine officials for slow vaccine delivery.,2021-11-03 11:08:57+00:00
27,"two months after the pentagon began requiring all troops to get the coronavirus vaccine or face dismissal, the vast majority have now had shots, in part because none received a religious exemption, military officials said.","as deadlines loom, the u.s. military grants few vaccine exemptions.",2021-11-03 13:42:37+00:00
28,"the federal reserve, the bank of england and the reserve bank of australia are among several central banks pulling back support as inflation jumps.",central banks around the world are dialing back their pandemic-era support.,2021-11-03 13:49:17+00:00
29,"at the height of the pandemic in 2020, thousands of people shared their covid dreams on twitter, many of them under the hashtag #coronadreams. here is a small selection.",an almanac of covid dreams,2021-11-03 14:01:23+00:00
30,one veteran of the annual gathering described it as the “poorest planed” to date. a young american activist called it a “hellscape.”,organizers blame the pandemic as frustrations grow over long waits and other glitches at the climate conference.,2021-11-03 15:09:00+00:00
31,the economist claudia goldin is optimistic about the future.,"yes, the pandemic has been awful. but there are signs of hope for mothers at work.",2021-11-03 15:17:41+00:00
32,the green bay packers quarterback will miss sunday’s game against kansas city after testing positive for the virus and raised questions about his vaccination status.,aaron rodgers out after positive coronavirus test,2021-11-03 15:49:42+00:00
33,"glenn youngkin, a republican, campaigned heavily on education — and in opposition to what he called “critical race theory” — in his successful campaign for virginia governor against the democrat terry mcauliffe. but mr. youngkin also made an issue of the state’s handling of schooling during the pandemic, which may have played a part in his win.","in virginia, frustration with schooling during the pandemic played a part in youngkin’s win.",2021-11-03 15:53:01+00:00
34,the vaccine is the eighth coronavirus vaccine to receive the global health body’s green light.,"the w.h.o. grants covaxin, a covid vaccine developed in india, emergency authorization.",2021-11-03 16:36:59+00:00
35,many health advocates say a key solution is to make the shots in the regions that still don’t have them. i wanted to know whether there were companies that could do it.,who can make mrna vaccines?,2021-11-03 17:12:40+00:00
36,the federal reserve is dealing with high inflation at a time when millions of workers remain on the job market’s sidelines. wednesday’s announcement that it will slow bond purchases is a step toward more normal monetary policy.,fed takes first step toward end of pandemic measures,2021-11-03 18:00:27+00:00
37,"an 8-year-old eager to hang out with friends said, “it didn’t hurt that much, but it kind of hurt.” a sixth-grader getting vaccinated on her birthday enthused, “this is the best day ever!”","cheers, tears, comfort dogs and disney balloons: covid shots for children get underway in a texas hospital.",2021-11-03 19:08:41+00:00
38,"the restrictions start saturday and target unvaccinated people, said the country’s health minister, thanos plevris.",greece tightens restrictions on the unvaccinated as virus cases spike.,2021-11-03 19:11:37+00:00
39,"the city was awaiting the arrival of federal clinical guidelines for providers before administering shots, the mayor said, though the state said the city did not have to wait.","children 5 to 11 in n.y.c. can start getting covid shots thursday, the mayor said.",2021-11-03 20:13:31+00:00
40,"while the air force has the earliest deadline, active duty members in all branches are nearing their goals — until reserve and national guard forces are counted.",the u.s. air force hits its vaccine deadline with nearly all troops inoculated.,2021-11-03 20:30:27+00:00
41,a pandemic election.,coronavirus briefing: what happened today,2021-11-03 21:13:27+00:00
42,sufficient shipments of doses have been slow to reach many countries in the region and economic inequalities are complicating matters.,"with scant vaccine supplies, the w.h.o. presses latin america and the caribbean to hold off on boosters.",2021-11-03 22:27:32+00:00
43,"global emissions are now less than 1 percent below their previous high in 2019, suggesting that any climate impact from the pandemic was fleeting.",carbon dioxide emissions rebounded sharply after pandemic dip,2021-11-04 00:05:47+00:00
44,test your knowledge of this week’s health news.,"weekly health quiz: exercise, muscles and covid shots ",2021-11-04 08:59:01+00:00
45,"even with life slowly creeping back to normal, a split from a partner during such stressful times can feel challenging.",how to get through a pandemic breakup,2021-11-04 09:00:12+00:00
46,"the meatpacking giant, which was criticized for failing to do enough to protect its workers from covid-19 last year, has become a leader on corporate mandates.","how tyson foods got 60,500 workers to get the coronavirus vaccine quickly",2021-11-04 09:00:20+00:00
47,"after leading the resistance to the government’s new health pass, the northeastern port city of trieste is home to a worrying spike in cases.",center of italy’s anti-vaccine protests is now a covid hot spot,2021-11-04 09:00:20+00:00
48,the state is eager for its vacation industry to rebound after a devastating 2020 season.,hawaii is easing restrictions and preparing to welcome back tourists.,2021-11-04 09:09:08+00:00
49,"the decision comes as the country experiences rising caseloads again. the nine-hour test is seen as critical in determining students’ futures, and many have prepared for it since kindergarten.",south korea will hospitalize all covid patients taking the college entrance exam.,2021-11-04 09:09:09+00:00
50,the meatpacking giant took the lead on corporate vaccination rules despite uncertainty on how employees would react.,behind tyson’s risky bet on a vaccine mandate,2021-11-04 11:49:15+00:00
51,"the new guidance will cover 84 million workers, who will be required to be fully vaccinated or undergo weekly testing.",we want to hear your questions about the new federal vaccine mandate.,2021-11-04 12:55:13+00:00
52,"more than 680,000 people have traveled across the country as health experts cautioned that large-scale gatherings might fuel a wave of infections.","diwali festivities draw hundreds of thousands in india, despite covid concerns.",2021-11-04 13:33:46+00:00
53,"the authorization of merck’s easy-to-use covid treatment, molnupiravir, is a step toward taming the pandemic.",britain becomes first to authorize an antiviral pill for covid-19,2021-11-04 15:38:47+00:00
54,we’re answering your questions about the new osha rules for employers with 100 or more workers. this f.a.q. was last updated on nov. 8 at 11:50 a.m.,frequently asked questions about the biden administration’s vaccine mandate,2021-11-04 16:25:21+00:00
55,"research has increasingly shown that warming is taking a deadly toll on human health. at the global climate summit in glasgow, the issue has gained new prominence.",effort to reframe climate change as a health crisis gains steam,2021-11-04 16:27:59+00:00
56,"the world health organization said europe was responsible for nearly three-fifths of the world’s recent coronavirus cases, and that deaths in the region were surging.","‘europe is back at the epicenter of the pandemic,’ a w.h.o. official says.",2021-11-04 16:46:17+00:00
57,"across the country, parents and their young children lined up to receive covid-19 vaccines after the centers for disease control and prevention recommended the pfizer-biontech shot for children aged 5 through 11.",young children receive first dose of covid-19 vaccine,2021-11-04 20:39:26+00:00
58,what the vaccine deadline means for you.,coronavirus briefing: what happened today,2021-11-04 21:35:33+00:00
59,"the department argued that a major voting law passed by republicans would disenfranchise several groups of vulnerable texans, including voters who do not speak english and those with disabilities.",justice dept. sues texas over voting restrictions,2021-11-04 21:43:54+00:00
60,here’s what you need to know at the end of the day.,"vaccine mandates, south africa, benedict cumberbatch: your thursday evening briefing",2021-11-04 21:46:00+00:00
61,the biden administration has released details of its plan to prevent the spread of the coronavirus at work. here are answers to some of the questions readers submitted.,5 questions about the biden vaccine mandate,2021-11-04 21:55:49+00:00
62,"the unions represent about 88,000 of the 160,000 employees covered by the city’s latest mandate, which requires all city employees to get vaccinated or face unpaid leave.",n.y.c. reaches an agreement with nine labor unions on covid vaccine mandates.,2021-11-04 22:11:44+00:00
63,emergent biosolutions ruined millions of doses of covid-19 vaccines. now its $600 million deal is canceled.,federal government cuts ties with troubled vaccine maker,2021-11-05 02:08:35+00:00
64,the easing of rules comes as cases decline significantly. the country has virtually closed its borders since the start of the pandemic.,japan will shorten quarantine for business travelers to 3 days.,2021-11-05 10:04:15+00:00
65,"pfizer’s is the second pill to show effectiveness against covid-19, and it is the first purpose-built to attack the virus that causes the disease.",pfizer says its antiviral pill is highly effective in treating covid,2021-11-05 10:45:06+00:00
66,new details have clarified the forthcoming requirements — and prompted questions and concerns.,breaking down the biden vaccine mandate,2021-11-05 11:31:33+00:00
67,"consumers are likely to see more plan options and lower premiums for next year. “this is a whole new ballgame,” one health expert said.",it’s sign-up time for federal health insurance,2021-11-05 13:00:08+00:00
68,"residents in ruili, in southwestern china, have been locked down four times in the past year as part of the country’s quest to eliminate the virus.","near-daily covid tests, sleeping in classrooms: life in covid-zero china",2021-11-05 14:32:56+00:00
69,"when a google staffing agency reneged on a promise to pay an attendance bonus, temps who are part of the company’s union organized and forced it to backtrack.",google temps fought loss of pandemic bonus. and won.,2021-11-05 14:38:19+00:00
70,the times is hosting a live chat with a pediatric infectious disease specialist and two reporters about the coronavirus vaccine and children. we’d like to hear your questions.,what do you want to know about kids and vaccines?,2021-11-05 15:49:42+00:00
71,families reunited.,coronavirus briefing: what happened today,2021-11-05 21:06:23+00:00
72,"in an interview given by the quarterback as he isolated because of a positive coronavirus test, he said that he was a victim of a “woke mob” and that he had unsuccessfully petitioned the n.f.l. to accept his alternative to being vaccinated.",aaron rodgers lashes out about n.f.l.’s vaccine requirements,2021-11-05 21:06:55+00:00
73,"despite signals that the economy is improving and the virus is waning, many americans said they were frustrated by polarized politics and a sense of stagnancy.",trapped in a pandemic funk: millions of americans can’t shake a gloomy outlook,2021-11-05 22:58:55+00:00
74,"staff at the hospital in the western state of maharashtra tried to douse the fire with fire extinguishers, but the flames spread quickly in the airtight room.",a fire in covid intensive care ward kills 11 people in india.,2021-11-06 14:01:24+00:00
75,the central american nation’s health ministry said on friday it was adding covid-19 to the list of required vaccinations for people 18 and younger.,costa rica moves to require covid shots for children.,2021-11-06 14:01:24+00:00
76,"austrians will need proof of vaccination or a past infection to be seated at a restaurant, enter a bar, visit a hairdresser or join any gathering of more than 25 people.","facing a spike in infections, austria sharpens the rules of its covid pass.",2021-11-06 14:01:24+00:00
77,rejoicing (mostly) ensues.,big kid vaccines are here!,2021-11-06 15:00:06+00:00
78,a stay granted by a federal appeals court in louisiana could signal an uphill battle for the administration in getting the entire american work force vaccinated.,a court temporarily blocks biden’s vaccine mandate.,2021-11-06 19:54:38+00:00
79,"“if we all come together and play our part, we can get through this challenging winter, avoid a return to restrictions and enjoy christmas,” said sajid javid, the health secretary.",britain’s health secretary urges people to get booster shots amid a surge.,2021-11-07 16:06:16+00:00
80,the debate isn’t just about creationism and stem cells anymore.,how covid raised the stakes of the war between faith and science,2021-11-07 16:15:06+00:00
81,"the adult hyenas, who tested positive for the coronavirus, have so far exhibited mild symptoms of covid, but they are believed to be “in good shape and improving,” a zoo spokesman said.",two spotted hyenas at the denver zoo are the first known to have covid-19.,2021-11-07 16:28:25+00:00
82,the administration last week set jan. 4 as the deadline for companies with 100 or more employees to mandate covid vaccinations or implement weekly testing of workers.,"the biden administration is ‘prepared to defend’ the vaccine rules for big employers, the surgeon general says.",2021-11-07 18:49:13+00:00
83,heidi ferrer’s family feared her organs were unsafe. the case points to gaps in protocols for organ donation amid the pandemic.,she died with long covid. should her organs have been donated?,2021-11-08 00:20:35+00:00
84,"an anti-vaccine clarion call by leading religious figures, echoed by prominent politicians and social media, helps explain why romania now has the world’s highest covid death rate.","in romania, hard-hit by covid, doctors fight vaccine refusal",2021-11-08 10:00:16+00:00
85,the lifting of rules comes as the country records some of its highest daily case numbers since the pandemic began.,new zealand’s biggest city will ease lockdown restrictions.,2021-11-08 10:02:17+00:00
86,"as a new wave of the coronavirus pandemic crashed over eastern europe last month, devastating unvaccinated populations, an orthodox church bishop in southern romania offered solace to his flock: “don’t be fooled by what you see on tv — don’t be scared of covid.”","in hard-hit romania, the virus is surging as vaccine hesitancy spreads.",2021-11-08 10:32:50+00:00
87,the partisan gap in covid’s death toll has grown faster over the past month than at any previous point.,u.s. covid deaths get even redder,2021-11-08 11:28:16+00:00
88,"the belfast-born singer-songwriter has embraced conspiracy theories and criticized restrictions to slow the spread of the coronavirus. last year, he released a single called “no more lockdown.”",northern ireland’s health minister is suing van morrison over covid-19 criticism.,2021-11-08 15:23:30+00:00
89,when will the u.s. economy improve?,how to think about the covid recession,2021-11-08 20:12:41+00:00
90,a peek inside china.,coronavirus briefing: what happened today,2021-11-08 21:52:42+00:00
91,"the green bay packers quarterback, one of the most visible athletes in the country, last week used anti-vaccination rhetoric as his reasoning for not getting vaccinated against covid-19.",scientists fight a new source of vaccine misinformation: aaron rodgers,2021-11-08 22:56:43+00:00
92,"the plans, while short on specifics, represent a notable step toward cutting greenhouse gas emissions from hospitals and the health care industry, a sizable emitter globally.",more than 40 nations pledge to cut emissions from their health industries,2021-11-08 23:03:28+00:00
93,the first lady and the surgeon general visited an elementary school in virginia as part of a strategy to enlist schools in promoting the vaccine.,jill biden kicks off covid vaccine campaign for young children,2021-11-08 23:58:47+00:00
94,the biden justice department filed its case before an appeals court that has temporarily halted the measure.,u.s. urges court not to block vaccine mandate on employers,2021-11-09 00:45:30+00:00
95,"set in minneapolis mostly during 2020, “the sentence,” by the pulitzer prize-winning novelist, is a ghost story about america’s current traumas that also evokes those of our collective past.",a new novel by louise erdrich haunted by covid and george floyd’s death,2021-11-09 10:00:05+00:00
96,"when candles burn, they release various vapors and particles into the air, but research suggests that using them is safe.",are scented candles harmful to your health?,2021-11-09 10:00:12+00:00
97,"the success represents a major victory for narendra modi’s government, but a recent slowdown in new vaccinations has sparked worries.",india eased its covid-19 disaster. fears of complacency remain.,2021-11-09 10:00:20+00:00
98,"as much as any city, portland, ore., has been through hell. its landmark store, powell’s books, must finally build a viable online business while recapturing its downtown success.",powell’s books survived amazon. can it reinvent itself after the pandemic?,2021-11-09 10:00:27+00:00
99,"the change, which takes effect on dec. 8, comes as the number of severe cases has stabilized but remains high, the health ministry said.",singapore will stop covering covid costs for those who decline to be vaccinated.,2021-11-09 10:03:02+00:00
100,"about 3,000 people marched through wellington, new zealand’s capital, on tuesday to protest vaccination requirements and coronavirus restrictions, forcing a lockdown of parliament and closure of local streets.",protest outside new zealand’s parliament assails sweeping new covid mandates.,2021-11-09 10:27:04+00:00
101,"zhang zhan, who was imprisoned after exposing the failures of the government’s initial response to the coronavirus outbreak in wuhan, is near death, friends and family say.",the u.s. urges beijing to release a chinese citizen journalist who highlighted covid.,2021-11-09 11:07:39+00:00
102,"when news broke that aaron rodgers, the green bay packers quarterback, had tested positive for the coronavirus last week and was unvaccinated, mr. rodgers justified his decision to not get inoculated by speaking out against the highly effective vaccines and spewing a stream of misinformation and junk science.",scientists confront a new source of vaccine misinformation: aaron rodgers.,2021-11-09 11:59:51+00:00
103,a weeklong effort to vaccine children ages 5-11 began at new york city schools this week.,on the scene: vaccine clinics open at schools,2021-11-09 15:05:08+00:00
104, ,frontline health workers in england must be vaccinated by april.,2021-11-09 15:51:19+00:00
105,"moderna’s patent application names several employees as the sole inventors of a crucial component of its coronavirus vaccine, excluding three government scientists.",moderna and u.s. at odds over vaccine patent rights,2021-11-09 19:32:00+00:00
106,public citizen’s nov. 2 letter to n.i.h. about moderna’s vaccine patent application,read public citizen’s letter on the moderna vaccine patent dispute,2021-11-09 19:48:25+00:00
107,"though the country has a high vaccination rate, new coronavirus cases and hospital admissions have been increasing in recent weeks.",macron announces a new vaccine rule for people 65 or older in france.,2021-11-09 19:48:55+00:00
108,the case against vaccine mandates.,coronavirus briefing: what happened today,2021-11-09 22:42:22+00:00
109,the actor and author matthew mcconaughey is contemplating a run for governor of texas.,"matthew mcconaughey on covid, masks and vaccines for children.",2021-11-09 23:33:40+00:00
110,the matchup is the first game of the season at college football’s top level to be rescheduled because of the virus.,saturday’s cal-u.s.c. game has been delayed by covid.,2021-11-10 01:39:42+00:00
111,"rodgers, the green bay packers quarterback who is not vaccinated and has voiced unfounded claims about covid-19 vaccines, was penalized for not wearing a mask in some places.","n.f.l. fines aaron rodgers, packers for covid-19 protocol violations",2021-11-10 02:30:35+00:00
112,"for small businesses hovering just under the federal vaccination guidelines, navigating this period is tricky.",the vaccine mandate kicks in at 100 employees. what if you’re at 98?,2021-11-10 08:00:08+00:00
113,the restrictions in shenyang are a stark example of how seriously officials are taking the country’s “zero covid” approach to the pandemic.,"a chinese city tells overseas visitors to quarantine for 28 days, then do another 28.",2021-11-10 10:49:48+00:00
114,secretary of state antony j. blinken stressed the need to extend vaccine access to people living in areas unreachable by government-run programs.,blinken says the u.s. has a deal to send johnson & johnson vaccine doses to conflict zones.,2021-11-10 15:33:33+00:00
115,"the secretary of state called for rich countries, pharmaceutical companies and others to “step up.”",antony blinken says ‘we have fallen short’ on global vaccine distribution.,2021-11-10 17:28:24+00:00
116,"“our goal clearly is to vaccinate as many kids as possible,” a white house official said. “the program is just getting up to full strength.”",the white house estimates almost a million children ages 5 to 11 have gotten covid vaccine shots so far.,2021-11-10 18:47:46+00:00
117,germany’s virus whiplash.,coronavirus briefing: what happened today,2021-11-10 22:22:24+00:00
118,the suit claims that the rule “threatens with job loss millions of health care workers who risked their lives.”,ten states sue the u.s. over the vaccine mandate for health care workers.,2021-11-10 23:02:28+00:00
119,"vaccines still offer strong protection against severe covid-19, but many studies show their protection against infection decreases over time. how much that decline matters is up for debate.",what we know so far about waning vaccine effectiveness,2021-11-11 10:00:02+00:00
120,test your knowledge of this week’s health news.,"weekly health quiz: pain, covid and intense exercise",2021-11-11 10:00:02+00:00
121,"during the pandemic, they have been the target of protests and of laws intended to curb their powers. has this left the u.s. less prepared than ever for the next crisis?",public health officials under siege,2021-11-11 11:00:11+00:00
122,"cases and fatalities have increased on the continent, even as they have dropped or remained stable in other parts of the globe.","europe had over half of the world’s covid deaths early this month, the w.h.o. says.",2021-11-11 11:37:11+00:00
123,the country’s case rate has more than doubled since late october.,"austria is likely to order a lockdown for unvaccinated people, its chancellor warns.",2021-11-11 17:30:08+00:00
124,"germany once set an example for how to manage the coronavirus. now, deep pockets of vaccine resistance are helping drive daily infections to new heights.",germany’s fourth covid wave: ‘a pandemic of the unvaccinated’,2021-11-11 20:21:04+00:00
125,when vaccines wane.,coronavirus briefing: what happened today,2021-11-11 22:30:09+00:00
126,"the play canceled performances this month because of breakthrough cases in the company. with costs mounting, it will close nov. 28.",‘chicken & biscuits’ will close early following covid pause,2021-11-11 23:01:09+00:00
127,"quotation of the day for friday, november 12, 2021.",quotation of the day: fourth covid wave grips germany in ‘a pandemic of the unvaccinated’,2021-11-12 05:45:08+00:00
128,"five articles from around the times, narrated just for you.",aaron rodgers’s vaccine misinformation and where states will spend infrastructure money: the week in narrated articles,2021-11-12 10:30:04+00:00
129,the dutch lockdown does not single out those who are unvaccinated. the country is experiencing rising case numbers amid a fourth wave of infections.,"the netherlands imposes a partial lockdown for all, as european cases and deaths rise.",2021-11-12 11:04:42+00:00
130,"the communist party is making broad efforts to stamp out the disease entirely, but the measures come with costs.","aiming for ‘zero covid,’ china focuses on frozen food, children’s clothes and, soon, the olympics.",2021-11-12 11:26:30+00:00
131,"officials are seeking to avert a winter surge; last year, so many covid patients died that officials were forced to deploy mobile morgues.",california broadens access to covid booster shots.,2021-11-12 17:27:20+00:00
132,"false statements about vaccines have spread on the “wild west” of media, even as some hosts die of virus complications.","on podcasts and radio, misleading covid-19 talk goes unchecked",2021-11-12 19:33:37+00:00
133,officials said demand for the pandemic relief program was “far outstripping” available funds. gov. kathy hochul has asked the federal government for almost $1 billion more.,new york to stop accepting applications for pandemic rental aid,2021-11-12 21:31:26+00:00
134,the future of work,coronavirus briefing: what happened today,2021-11-12 22:03:00+00:00
135,an emergency room doctor laments the green bay packers quarterback’s missed opportunity to promote vaccines instead of dispute them.,what aaron rodgers should see: covid suffering in a wisconsin e.r.,2021-11-13 00:12:03+00:00
136,"the governor, kevin stitt, is one of a number of republican state officials across the country who has been fighting against president biden’s vaccine mandates.",oklahoma’s governor puts an opponent of vaccine mandates in charge of the national guard.,2021-11-13 00:36:34+00:00
137,britney spears had asked for the arrangement to be ended without having to undergo further psychological assessments; a judge agreed.,experts said it was unusual to end a conservatorship without a mental health screening.,2021-11-13 00:40:50+00:00
138,a three-judge panel of the u.s. court of appeals for the fifth circuit held that challengers were likely to succeed in their claim that the mandate was an unlawful overreach.,appeals court extends block on biden’s vaccine mandate for employers,2021-11-13 01:59:26+00:00
139,the province has said little about a cyberattack that delayed or canceled medical procedures and leaked personal information.,"as hackers take down newfoundland’s health care system, silence descends",2021-11-13 02:11:08+00:00
140,countries have been paying about $3 to $4 per shot for astrazeneca’s vaccine under the company’s not-for-profit pricing model.,astrazeneca says it will start profiting from its vaccine.,2021-11-13 02:57:52+00:00
141,"school nurses, who were already stretched thin before the pandemic, say that they are overworked and overwhelmed.","‘they see us as the enemy’: school nurses battle covid-19, and angry parents",2021-11-13 10:00:13+00:00
142,"as housing prices soar in big cities, the country’s eastern provinces are experiencing a surge in migration. newcomers are being welcomed, but some locals are wary.",urbanites flock to atlantic canada as pandemic blunts cities’ appeal,2021-11-13 10:00:14+00:00
143,title 42 was supposed to be an emergency measure. it’s time to end its use.,it’s time to end the pandemic emergency at the border,2021-11-13 16:29:21+00:00
144,"vaccinated travelers from abroad were allowed to enter the united states this week, drawing an agonizing 18-month wait to a conclusion and producing joyous reunions for thousands of people.","the u.s. welcomes international travelers, and broadening booster eligibility: the week in covid news.",2021-11-13 19:57:23+00:00
145,"also known as tris, the compound helps maintain the ph of vaccines, extending shelf life at warmer temperatures.",what is tromethamine? it is used to stabilize covid vaccines.,2021-11-14 00:07:13+00:00
146,the mountain cats had tested positive for the virus about a month ago.,three ‘beloved’ snow leopards died of covid complications at nebraska zoo.,2021-11-14 04:22:59+00:00
147,"victims are still dying from injuries after a fuel tanker burst into flames last week in sierra leone, a country that has no burn units.","after sierra leone explosion, a health system is strained",2021-11-14 14:17:43+00:00
148,"the country, facing the biggest surge in virus cases since the pandemic started, is putting strict curbs on the movement of those without shots.",austria’s new lockdown confines the unvaccinated to their homes.,2021-11-14 15:38:52+00:00
149,social and institutional trust are critical when the future is uncertain.,denmark’s hard lessons about trust and the pandemic,2021-11-14 16:00:07+00:00
150,rodgers faced a mandatory 10-day isolation period after testing positive for the coronavirus. the quarterback has not been vaccinated and has shared baseless claims about vaccines.,aaron rodgers returned to the field on sunday after his covid-19 isolation.,2021-11-14 20:11:38+00:00
151,"scientists have developed vaccines for cats and dogs, but vaccinating companion animals is not necessary, experts say.",what to know about the coronavirus in pets,2021-11-15 10:00:01+00:00
152,the future of the virus — and violence — in america. ,when the next thing you know is that you have covid,2021-11-15 10:00:13+00:00
153,a focus on the challenges of the great recession has fueled some of the challenges of this crisis.,how america’s pandemic economic response fought the last war,2021-11-15 10:00:21+00:00
154,"scientists have developed vaccines for cats and dogs, but vaccinating companion animals is not necessary, experts said.",why don’t we have a covid vaccine for pets?,2021-11-15 10:00:22+00:00
155,how health experts are thinking about the holidays.,"covid thanksgiving, round 2",2021-11-15 11:14:42+00:00
156,"after falling since late summer, coronavirus cases in the state have begun to tick up.",how bad could california’s winter coronavirus surge get?,2021-11-15 13:37:24+00:00
157,"ngati toa, which owns the legal rights to the dance, said it supports covid vaccinations as the best chance to protect a group that has suffered disproportionally from pandemics.",a maori tribe tells anti-vaccine protesters to stop performing their haka.,2021-11-15 13:45:13+00:00
158,"the restrictions were among the toughest of a wave of new rules in europe, which the w.h.o. has said is “back at the epicenter of the pandemic.”",austria’s new lockdown applies only to the unvaccinated.,2021-11-15 14:17:19+00:00
159,"austria took the hardest line yet on monday, beginning a lockdown aimed exclusively at those who are not inoculated, part of a pattern to make life harder for resisters.",europe toughens rules for unvaccinated as fourth covid wave swells,2021-11-15 16:55:43+00:00
160,"city officials asked health providers not to turn adults away, provided they met timing requirements, a move that comes as federal regulators consider expanding the eligibility pool for pfizer-biontech’s booster.",new york city tells health providers to give booster shots to all adults who want them.,2021-11-15 18:29:19+00:00
161,u.s. covid upswing,coronavirus briefing: what happened today,2021-11-15 22:57:38+00:00
162,"the exemption for jamie dimon, who was in town to meet with employees and regulators, was “justified to facilitate a short visit” of about 30 hours, a government spokesman said.",hong kong exempts jpmorgan chase’s chief from its lengthy quarantine.,2021-11-16 07:41:57+00:00
163,"in a new york city borough where residents have long struggled to afford their homes, thousands are now threatened with eviction as state pandemic aid dwindles.",how the pandemic worsened a housing crisis in the bronx,2021-11-16 08:00:11+00:00
164,"in a borough where unemployment is almost three times the national rate, thousands of renters are now threatened with eviction as state pandemic aid dwindles.","the housing crisis in the bronx, made worse by the pandemic",2021-11-16 09:01:05+00:00
165,the magazine’s ethicist columnist on balancing safety and medical-privacy concerns in the workplace — and how best to persuade a friend to get vaccinated.,a colleague had covid. should our supervisor have told us?,2021-11-16 10:00:05+00:00
166,"with fewer covid protocols at many resorts, guests can expect shorter lift lines and less outdoor masking. but policies differ, depending on the area, so know before you go.",what to expect as ski areas head into another pandemic season,2021-11-16 10:00:25+00:00
167,"the company announced a deal that could help significantly expand access to the covid-19 treatment, but the agreement excludes a number of countries hit hard by the pandemic.",pfizer will allow its covid pill to be made and sold cheaply in poor countries,2021-11-16 11:45:06+00:00
168,"the judgment, which is subject to court approval, is in line with a “right to know” law that was designed to keep workers safe in the pandemic.","amazon agrees to pay $500,000 in california over claims that it hid covid-19 cases from workers.",2021-11-16 11:55:17+00:00
169,it’s not just people who get covid.,which of the following animals appear to be least susceptible to covid-19?,2021-11-16 12:10:38+00:00
170,have you been paying attention to the news recently? see how many of these 10 questions you can get right.,"weekly news quiz for students: europe border crisis, vaccine dispute, rittenhouse trial",2021-11-16 13:04:21+00:00
171,vaccine booster shots are now widely available in the city. here's how to get one.,what to know about covid boosters in n.y.c.,2021-11-16 16:26:32+00:00
172,"the treatment, paxlovid, is the second antiviral pill to show effectiveness in treating covid.",pfizer asks the f.d.a. to authorize its covid antiviral pill.,2021-11-16 19:16:27+00:00
173,the consolidation removes the case from a fifth circuit panel that had blocked the biden administration from moving forward with it.,challenges to workplace vaccine mandate moved to appeals court in cincinnati,2021-11-16 22:07:17+00:00
174,"a new york state ethics panel revoked its approval that allowed andrew cuomo to write his book, contending that he broke his promise not to use state resources.",cuomo may have to forfeit millions earned from pandemic memoir,2021-11-16 22:07:54+00:00
175,states jump ahead on boosters,coronavirus briefing: what happened today,2021-11-16 22:42:58+00:00
176,"this pandemic winter won’t be like the last one — but it won’t be “normal,” either.",when can the u.s. declare victory over covid?,2021-11-16 23:00:06+00:00
177,the deal tones down a diplomatic confrontation that led beijing to expel some american reporters during the last year of the trump administration.,u.s. and china agree to ease restrictions on journalists,2021-11-16 23:44:47+00:00
178,the antiviral drugs have helped inspire hope among senior administration officials that the united states will be able to curb the devastating toll from the delta variant.,u.s. to buy enough of pfizer’s covid antiviral pills for 10 million people,2021-11-17 00:22:45+00:00
179,"the multibillion-dollar plan is intended to address immediate needs both overseas and domestically, and to improve preparations for future pandemics.",the u.s. aims to lift covid vaccine manufacturing to create a billion doses a year.,2021-11-17 09:58:09+00:00
180,especially for women of color.,what we see in the shameful trends on u.s. maternal health,2021-11-17 10:00:02+00:00
181,here’s what people ages 15 to 24 from 21 countries said in a new survey.,what young people say about mental health,2021-11-17 10:00:02+00:00
182,"each week, we spotlight five student activities created for a broad range of learners based on reporting in the new york times.","weekly accessible learning activities: manatees, covid dreams and pinball",2021-11-17 10:30:03+00:00
183,"shares of companies like peloton, the home fitness equipment maker, and zoom video, the online conference software that replaced face-to-face communications for countless schools and businesses, were darlings of the stock market for the better part of last year.",peloton and zoom were two of the hot stocks of the pandemic. now what?,2021-11-17 10:59:04+00:00
184,"a polish luger, mateusz sochowicz, was told that coronavirus restrictions prevented him from boarding a commercial flight for another two weeks.",an injured olympic athlete was flown home on a cargo plane because of covid rules in beijing.,2021-11-17 12:19:40+00:00
185,"peloton, zoom and others make way for the shares of “reopening” companies.",pandemic stocks have become passé,2021-11-17 12:45:21+00:00
186,soaring demand and a shortage of workers have made appointments almost impossible to find.,the netherlands is maxing out its coronavirus testing capacity.,2021-11-17 12:53:11+00:00
187,a federal judicial panel has assigned the appeals court in cincinnati to handle at least 34 lawsuits filed around the united states that challenge the biden administration’s attempt to mandate that large employers require their workers to get vaccinated against the coronavirus or submit to weekly testing.,challenges to a u.s. workplace vaccine mandate are moved to a cincinnati appeals court.,2021-11-17 14:11:56+00:00
188,"more than 100,000 americans died from drug overdoses in the yearlong period ending in april, government researchers said.",overdose deaths reached record high as the pandemic spread,2021-11-17 15:02:01+00:00
189,the latest news and data from the team tracking the coronavirus.,u.s. covid cases are increasing again,2021-11-17 15:21:04+00:00
190,"the figure marks the first time the number of overdose deaths in the u.s. has exceeded 100,000 a year, more than the toll of car accidents and guns combined.","as the pandemic spread, americans died of drug overdoses in record numbers.",2021-11-17 15:52:19+00:00
191,"in pockets of europe, vaccine resistance has become the long tail of the populist nationalist movements that shook up european politics for a decade.",vaccinated vs. unvaccinated: europe’s covid culture war,2021-11-17 17:48:32+00:00
192,the state says its national guard members do not need to be vaccinated. pentagon officials say a failure to follow “valid medical readiness requirements” could “jeopardize” the status of troops.,standoff over vaccines between oklahoma governor and pentagon intensifies,2021-11-17 18:03:29+00:00
193,"richard ayvazyan and his wife, marietta terabelian, cut their monitoring bracelets and fled in august, the agency said. on monday, they were sentenced in absentia.","a couple convicted of stealing covid funds is on the run, the f.b.i. says.",2021-11-17 19:43:18+00:00
194,three experts respond to questions from readers about how to navigate another covid winter.,can covid winter be merry and bright? we asked the experts.,2021-11-17 20:00:08+00:00
195,workers who retired because of covid-19 are being enticed to return.,the pandemic prompted people to retire early. will they return to work?,2021-11-17 20:53:18+00:00
196,"after n.f.l. cases more than doubled, the league strengthened its covid-19 protocols and recommended teams help set up testing for families of players and team staff ahead of the holiday.",n.f.l. requires masks and increases coronavirus testing for thanksgiving,2021-11-17 21:27:33+00:00
197,germany’s anti-vaccine strongholds,coronavirus briefing: what happened today,2021-11-17 22:23:11+00:00
198,here’s what you need to know at the end of the day.,"vaccines, malcolm x, adele: your wednesday evening briefing",2021-11-17 22:46:40+00:00
199,"the biden administration will spend billions of dollars on a new plan to combat the pandemic, investing in antiviral pills, rapid tests and manufacturing.",white house plans major expansion of covid vaccine production,2021-11-18 00:26:27+00:00
200,"florida lawmakers, at the request of gov. ron desantis, passed new laws sharply curtailing mask and vaccine mandates. fringe anti-vaccination views met with little pushback.","as g.o.p. fights mask and vaccine mandates, florida takes the lead",2021-11-18 01:40:44+00:00
201,test your knowledge of this week’s health news.,"weekly health quiz: 'dogsomnia,' fruit stickers and exercise to prevent cancer",2021-11-18 10:00:04+00:00
202,the root causes of rising costs for things like housing and health care are mostly regulatory. we need a strategy to address that. ,want more affordable housing and health care? here’s a fix.,2021-11-18 10:00:18+00:00
203,"some testers gently swab the front of your nostril and send you on your way. others dig deep, bringing the pain. what’s the gold standard?",must this swab go that far up your nose to test for covid?,2021-11-18 10:00:23+00:00
204,we’re looking at the ways biden’s social policy bill will change health care.,health care renovation,2021-11-18 11:17:27+00:00
205,leaders in the czech republic said on thursday that further covid restrictions would be introduced as the country experiences some of its highest caseloads since the pandemic began.,the czech republic prepares for new restrictions as cases soar.,2021-11-18 11:43:23+00:00
206,"the measures include a rule that only those who are vaccinated, have recovered from an infection or test negative can ride public transit or attend work in person.",germany moves to impose new pandemic regulations amid record case numbers.,2021-11-18 12:16:17+00:00
207,the annual boxing day cricket test match in melbourne will also be allowed to take place before a full-capacity crowd.,"with restrictions easing, the australian open can play before a full house.",2021-11-18 13:02:38+00:00
208,"the state, along with neighboring upper austria, will apply the restrictions to everyone regardless of inoculation status. the moves come in the wake of national rules affecting unvaccinated people.",salzburg is poised to impose a general lockdown as covid spreads in austria.,2021-11-18 14:06:06+00:00
209,"teenage comments in response to our recent writing prompts, and an invitation to join the ongoing conversation.","what students are saying about hometown pride, pandemic dreams and a mysterious photo",2021-11-18 17:28:53+00:00
210,"a new review of early covid-19 cases in the journal science will revive, though certainly not settle, the debate over how the pandemic began.","first known covid case was vendor at wuhan market, scientist says",2021-11-18 19:00:11+00:00
211,well readers share advice on how to get away from it all.,mental health days are important. here’s how to make yours worthwhile.,2021-11-18 19:30:21+00:00
212,we need to learn the right lessons from our missteps.,"after a pandemic failure, the u.s. needs a new public spirit",2021-11-18 20:00:12+00:00
213,"germany restricts access to public transportation, austria will impose full lockdowns in two states, and the netherlands recently restored mask mandates in some public indoor places.","greece, like some other e.u. nations facing case surges, adds restrictions for the unvaccinated.",2021-11-18 21:34:11+00:00
214,the search for “patient zero”,coronavirus briefing: what happened today,2021-11-18 22:08:13+00:00
215,"remaining unvaccinated could cost soldiers promotions, bonuses or even their jobs.",the u.s. army secretary to national guard members who resist the vaccines: prepare for discipline.,2021-11-18 22:57:45+00:00
216,"the move, announced on friday, is an attempt by the country’s newish prime minister to revive an economy battered by covid restrictions and a supply chain crunch.",japan approves a $490 billion economic stimulus package as the pandemic’s effects linger.,2021-11-19 11:33:02+00:00
217,the remarks came in response to a reporter’s question as neighboring austria prepares to lock down and cases continue to reach record levels.,"‘nothing should be ruled out,’ germany’s health minister says of a possible nationwide lockdown.",2021-11-19 12:25:09+00:00
218,"if the c.d.c. agrees, adults who received a second shot of the pfizer or moderna vaccine at least six months ago could be eligible by this weekend.",f.d.a. authorizes coronavirus booster shots for all adults,2021-11-19 13:31:35+00:00
219,the move adds more than 2.8 million young people to those eligible for a shot.,canada approves the pfizer vaccine for children ages 5 to 11.,2021-11-19 16:20:49+00:00
220,the extraordinary step shows that governments desperate to safeguard public health and economic recoveries are increasingly willing to push for once unthinkable measures.,"austria announces covid vaccine mandate, crossing a threshold for europe",2021-11-19 16:35:30+00:00
221,"vice president kamala harris became the first woman to assume acting presidential duties, while president biden underwent a colonoscopy.",biden declared ‘healthy’ and ‘vigorous’ after his first presidential physical,2021-11-19 17:06:46+00:00
222,officials also removed a test requirement for eligible travelers re-entering canada within 72 hours.,canada expands its list of vaccines accepted for travel.,2021-11-19 20:58:03+00:00
223,"as infections rise, americans over 18 will be permitted to get extra doses. but it’s not clear boosters really are needed by so many people, or that the shots will turn back the pandemic.",c.d.c. endorses covid vaccine booster shots for all adults,2021-11-19 21:32:56+00:00
224,tips for a successful thanksgiving.,coronavirus briefing: what happened today,2021-11-19 23:02:09+00:00
225,demonstrators gathered in cities around the country to protest vaccine mandates and other rules.,thousands rally against coronavirus restrictions in australia.,2021-11-20 09:54:25+00:00
226,"new yorkers can get coronavirus vaccine booster shots at a number of places, including pop-up vans, churches, local pharmacies and community health clinics.",how to get a coronavirus booster shot in new york city,2021-11-20 10:00:07+00:00
227,"although the end of mask mandates is in sight, restrictions should remain in place through the holidays, experts say.",when can the covid masks finally come off?,2021-11-20 10:00:15+00:00
228,the southeast asian city state is recovering from a recent surge of hospitalizations. an official said its reopening would proceed in a “step-by-step manner.”,singapore will begin easing its covid restrictions next week.,2021-11-20 10:38:28+00:00
229,a skimpy turnout for a rally in rome and the outright failure of one in milan underscored italians’ overall acceptance of the country’s green pass.,protests against italy’s health pass fizzle.,2021-11-20 16:07:04+00:00
230,"much of south sudan is under water from flooding induced by climate change and deforestation. crops and livestock are lost, hunger and malaria are spreading. with so many worries, coronavirus vaccines are a tough sell.",covid vaccine gets muted welcome in land awash in bigger problems,2021-11-20 16:54:18+00:00
231,"thousands in vienna over the weekend demonstrated against the measures, which include a nationwide lockdown.",austrians protest lockdown and vaccine mandate,2021-11-20 17:23:56+00:00
232,"the police fired warning shots and used water cannons against hundreds of demonstrators who set fires on the streets of rotterdam, the netherlands, in protest of the country’s partial lockdown and its plans to introduce a law allowing businesses to exclude unvaccinated people.",rioters clash with the police in the netherlands over covid measures,2021-11-20 18:41:58+00:00
233,"the protests were largely peaceful, but as dusk fell over the austrian capital, skirmishes broke out between officers and groups of demonstrators.",thousands in austria protest virus lockdown and vaccine mandate,2021-11-20 19:57:19+00:00
234,"as families across the united states prepare to gather for thanksgiving, some for the first time since 2019, there are only a few clouds on the horizon. ",just a few storms cloud the u.s. travel forecast for a second pandemic thanksgiving.,2021-11-20 21:39:53+00:00
235,"all adults living in new york city are officially eligible to receive coronavirus booster shots, following decisions made friday by federal regulators to expand eligibility for the shots across the country beyond those who have underlying conditions, live or work in high-risk settings or are over 65.",how to get a coronavirus booster shot in new york city.,2021-11-20 22:23:39+00:00
236,"the company’s theme park in florida, walt disney world, could have been facing fines after the state legislature made vaccine requirements illegal.",disney pauses its worker vaccine mandate after florida’s ban.,2021-11-21 01:17:04+00:00
237,"quotation of the day for sunday, november 21, 2021.",quotation of the day: vaccine’s arrival in south sudan is cold comfort,2021-11-21 03:27:49+00:00
238,"josée forest-niesing, a canadian senator from ontario, died shortly after she went home from a hospital where she had been treated for covid-19, canadian officials said saturday. she was 56.",a canadian senator has died after being hospitalized for covid.,2021-11-21 03:37:30+00:00
239,here’s what you need to know about the week’s top stories.,"gas prices, covid, thanksgiving recipes: your weekend briefing",2021-11-21 09:05:51+00:00
240,"all around the world, the pandemic provoked strange nocturnal visions. can they help shed light on the question of why we dream at all?",the sunday read: ‘did covid change how we dream?’,2021-11-21 11:00:04+00:00
241,protesters in barcelona are pushing back against foreign investment firms that have bought up thousands of homes over the past decade and are forcing out residents who can’t pay the rent.,"as pandemic evictions rise, spaniards declare ‘war’ on wall street landlords",2021-11-21 15:30:35+00:00
242,staffing shortages and pandemic fatigue add to complications.,covid-19 surge strains michigan’s hospitals.,2021-11-21 15:48:56+00:00
243,"as a new wave of covid infections spreads over europe, resistance to public health measures is growing, and not just in austria.","angry and divided, austrians argue over a lockdown and vaccine mandates",2021-11-21 22:16:41+00:00
244,mass tragedies sometimes have unexpected consequences.,could covid lead to progress?,2021-11-22 10:00:09+00:00
245,the agency has created an ambitious $200 million center to predict future outbreaks — but diseases are a lot harder to model than storms.,inside the c.d.c.’s pandemic ‘weather service’,2021-11-22 10:00:13+00:00
246,"the move, which will begin dec. 21, is part of an effort to push more people to get inoculated and curb the spread of the virus.",kenya will impose widespread restrictions on the unvaccinated starting next month.,2021-11-22 12:45:28+00:00
247,a strong fourth covid wave has led to a renewed run on vaccines.,"as germans seek booster shots, supplies of the pfizer vaccine dwindle.",2021-11-22 13:02:08+00:00
248,"demonstrations started with pickets of at a hospital on the main island,  a french overseas department, and grew violent over the weekend. protesters burned cars, looted businesses and clashed with riot police.",unrest over vaccine mandates and economic inequality rocks guadeloupe.,2021-11-22 17:00:08+00:00
249,hellman & friedman and bain capital are taking over the health care software company.,athenahealth’s $17 billion takeover is the latest private equity megadeal.,2021-11-22 18:33:40+00:00
250,"europe is again at the center of the pandemic, and amid vaccine resistance and protests, nations are imposing new rules and pressuring people to get inoculated.","‘vaccinated, recovered or dead’: europe fights covid wave — and itself",2021-11-22 18:44:01+00:00
251,"on thanksgiving, consider the multiple benefits of giving thanks.",a spirit of gratitude is healthy for society,2021-11-22 20:01:30+00:00
252,"the n.y. health department became a “toxic work environment” early in the pandemic, a high-ranking doctor told officials investigating ex-gov. andrew cuomo.",doctor who swabbed cuomo describes a health department in shambles,2021-11-22 21:33:50+00:00
253,lockdowns and protests in austria,coronavirus briefing: what happened today,2021-11-22 22:54:18+00:00
254,"we spent six months with genesis, one of one million new york city students who has lived through the most disrupted moment in the modern history of public education.",how one n.y.c. teen navigated the pandemic and made it to her senior year,2021-11-23 00:58:59+00:00
255,some objects and practices born in lockdown will probably stick around for decades — for better or worse.,the design legacy of covid? it’s all around you.,2021-11-23 10:00:10+00:00
256,"cases in children in the united states have risen by 32 percent from about two weeks ago, amid a rush to inoculate children ahead of the winter holiday season.",u.s. pediatricians say covid cases in children are on the rise.,2021-11-23 10:01:11+00:00
257,and how to make sense of it.,the latest covid surge,2021-11-23 11:24:17+00:00
258,"nearly half of the residents at the facility in the city of cheonan tested positive for covid, an outbreak that comes as south korea’s case levels surge.",at least 210 coronavirus cases are linked to a south korean religious settlement.,2021-11-23 13:12:40+00:00
259,"covid kept many people in place. now several developed countries, facing aging labor forces and worker shortages, are racing to recruit, train and integrate foreigners.","contending with the pandemic, wealthy nations wage global battle for migrants",2021-11-23 16:27:09+00:00
260,"the ruling being appealed was issued by a three-judge panel on the court of appeals for the fifth circuit, in new orleans.",the u.s. asks an appeals court to unblock biden’s vaccine mandate for large companies.,2021-11-23 17:22:40+00:00
261,"“the anomaly,” by hervé le tellier, sold more than a million copies during an anomalous time. now the genre-bending novel is translated into english.",the novel that riveted france during lockdown arrives in the u.s.,2021-11-23 17:54:57+00:00
262,"chelsea factory will offer residencies in music, dance, theater and film at its 14,000-square-foot space in manhattan.","cultural center opens in chelsea, aiming to help artists in pandemic",2021-11-23 18:00:06+00:00
263,"covid is now the leading cause of death in europe, the world health organization said in a statement, with almost 4,200 new deaths a day, double the number at the end of september.","europe’s death toll from covid will exceed 2 million by spring, the w.h.o. says.",2021-11-23 18:37:24+00:00
264,the money will help offset the increased expenses and revenue losses that rural hospitals and clinics have experienced during the pandemic.,rural health care providers get $7.5 billion in relief funds,2021-11-23 20:50:07+00:00
265,she studied the impact of aids on women and explored the effects of famine and poverty on health with an “unwavering commitment to social justice.”,"zena stein, 99, dies; researcher championed women’s health",2021-11-23 21:28:31+00:00
266,we’re also looking for tips on getting into shape.,what is your pandemic fitness routine?,2021-11-23 21:45:03+00:00
267,a surge among kids.,coronavirus briefing: what happened today,2021-11-23 22:03:02+00:00
268,the higher death toll is attributed to lower-than-needed vaccination rates and the relaxation of everyday precautions amid a rise of the highly contagious delta variant.,"despite vaccines, the u.s. has lost more lives to covid this year than last.",2021-11-23 22:56:19+00:00
269,"thanksgiving is back, but covid hasn’t gone away. here’s how to have a safer, peaceful and tasty holiday.","how to celebrate pandemic thanksgiving, round 2",2021-11-23 23:00:05+00:00
270,"midwestern states, which largely avoided the summer rise in new coronavirus cases, are now seeing the most cases per capita in the country.",see where u.s. covid cases and hospitalizations are surging,2021-11-24 10:00:03+00:00
271,"the detection of a new variant of the coronavirus has countries changing rules and adding lockdowns, making it even more difficult to plan a visit to the continent. here’s what we know about the latest restrictions.","can i still travel to europe? your virus restriction questions, answered",2021-11-24 10:00:24+00:00
272,"from broadband to transportation to high-tech medical manufacturing, benefits from america’s pandemic money infusion will linger.",how the $4 trillion flood of covid relief is funding the future,2021-11-24 10:02:54+00:00
273,steve burton and ingo rademacher had refused to comply with a nov. 1 mandate that applied to actors on the long-running daytime drama’s set.,two actors leave the soap opera ‘general hospital’ over its vaccine mandate.,2021-11-24 10:05:29+00:00
274,a guide to using rapid tests.,turkey without covid,2021-11-24 11:35:51+00:00
275,"passengers will have to show proof of vaccination, recovery from covid or a negative daily test under a system of random checks.",german public transportation controllers start checking vaccine papers.,2021-11-24 12:03:31+00:00
276,"the group’s three other members tested negative, the production company announced.","lisa, star of the k-pop group blackpink, tests positive for coronavirus.",2021-11-24 12:56:44+00:00
277,"when coronavirus vaccines first became available, uri bassan, a pharmacist, traveled 19,000 miles bringing shots to people all over new mexico. now with booster shots and vaccines for children, he and his team are setting out again.",a vaccine veteran hits the road again,2021-11-24 14:09:06+00:00
278,"republicans have fought mask requirements and vaccine mandates for months, but as coronavirus infections again rise, they are blaming the president for failing to end the health crisis.","g.o.p. fights covid mandates, then blames biden as cases rise",2021-11-24 15:28:59+00:00
279,the european center for disease prevention and control urged member countries to tighten restrictions and recommended booster shots for all adults.,european health agency calls for covid restrictions to avoid a bleak winter.,2021-11-24 16:04:32+00:00
280,test your knowledge of this week’s health news.,"weekly health quiz: exercise, appetite and the first case of covid",2021-11-24 17:28:24+00:00
281,"people who refuse a shot will be barred from a wide range of social activities, including indoor dining at restaurants and bars, and attending shows and sport events.",italy announces new restrictions for the unvaccinated.,2021-11-24 18:29:11+00:00
282,"neil ferguson, a leading epidemiologist, said the country had almost reached a state of herd immunity as it settled into a new normal of about 40,000 cases a day. other experts disagreed.",a claim of herd immunity reignites debate over u.k. covid policy,2021-11-24 19:29:48+00:00
283,almost half of the women who were surveyed said that they or a woman they knew had experience violence since the start of the outbreak.,"surveys suggest violence against women has intensified during the pandemic, a u.n. report says.",2021-11-24 21:59:37+00:00
284,dr. anthony fauci on the pandemic’s future.,coronavirus briefing: what happened today,2021-11-24 22:06:25+00:00
285,many households with immunocompromised or vulnerable relatives are racing to get covid shots for their 5-to-11-year-olds — and finally experiencing a long-awaited sense of relief.,"as young kids get vaccines, a ‘huge weight’ is lifted for families",2021-11-25 08:00:10+00:00
286,the biden administration has called on major companies to help fight the pandemic. big chains want to get past the holiday staffing crunch first.,why retailers are fighting a vaccine mandate before the holidays,2021-11-25 10:00:22+00:00
287,the french health minister said the latest wave of cases would be worse than the one during the summer. adults will need a booster for their health pass to remain valid.,the french rush to get booster shots as the government eyes more restrictions.,2021-11-25 16:06:11+00:00
288,"thousands of people filled the streets of new york city on thursday morning to celebrate the return of the macy’s thanksgiving day parade after the annual tradition was dramatically scaled down last year  . for many around the city and outside of it, the parade’s comeback to its full glory signaled another step forward in the city’s return to normalcy. ",thousands gathered to watch the first full macy’s thanksgiving parade since the pandemic.,2021-11-25 18:32:35+00:00
289,"within hours of the announcement, britain, israel and singapore had restricted travel from south africa and some nearby countries.","south africa detects a new variant, prompting new international travel restrictions.",2021-11-25 20:30:19+00:00
290,"the british health secretary said the ban takes effect on friday. earlier on thursday, south african scientists said they had identified a new variant.",britain will bar flights from six african countries as it investigates a new variant.,2021-11-25 21:43:02+00:00
291,the discovery could complicate efforts to reopen the border between the territory and the chinese mainland.,hong kong records two cases of the new variant detected in south africa.,2021-11-26 05:38:37+00:00
292,"in the bronx, where the percentage of murder cases closed by the police has plunged, one family is waiting impatiently for a day that may not come.",murders increased during the pandemic. did they also get harder to solve?,2021-11-26 08:00:08+00:00
293,the jump in unsolved cases hit the bronx especially hard after the pandemic closed in and shootings climbed to their highest levels in 15 years.,"murders increased during the pandemic, and the percentage solved by the n.y.p.d. plunged",2021-11-26 09:05:36+00:00
294,"scientists don’t know how effective vaccines will be against the new variant flagged by a team in south africa, which displays mutations that might resist neutralization.",here’s what we know about the omicron variant.,2021-11-26 09:26:12+00:00
295,n.f.l. teams have standardized support for mental wellness as their players fight social stigmas and the league’s “just play through it” ethos.,"pushed by players, the n.f.l. works to embrace mental health",2021-11-26 10:00:23+00:00
296,"the deteriorating situation is also worrisome for the united states, as trends in new covid cases tended to follow europe by weeks.",europe is being tested by waves of cases that threaten its progress against the pandemic.,2021-11-26 10:43:57+00:00
297,"stocks and oil futures slumped, while investors sought safety in government bonds.",markets tumble as new coronavirus variant brings travel restrictions,2021-11-26 13:22:26+00:00
298,strict controls on playhouses and music venues are returning as the continent deals with a new coronavirus wave.,europe’s theaters go back to the future with covid restrictions,2021-11-26 16:13:48+00:00
299,"health officials in the united states were consulting with south african scientists friday morning, according to a person familiar with the calls, but it was unclear whether the biden administration would impose travel restrictions.",u.s. officials are consulting with south african scientists on the variant.,2021-11-26 16:29:56+00:00
300,here’s what you need to know at the end of the day.,"virus variant, stephen sondheim, leftovers: your friday evening briefing",2021-11-26 21:43:35+00:00
301,"hours after south african scientists announced the existence of a troublesome new variant, britain banned travelers from southern africa. the united states and other nations quickly followed suit.","after detecting the omicron variant, south africa feels ‘punished’ by global travel bans.",2021-11-26 22:08:48+00:00
302,a new variant.,coronavirus briefing: what happened today,2021-11-26 22:13:43+00:00
303,"the omicron variant carries worrisome mutations that may let it evade antibodies, scientists said. but it will take more research to know how it fares against vaccinated people.",new virus variant stokes concern but vaccines still likely to work,2021-11-26 23:11:47+00:00
304,"scientists do not yet know how dangerous the new omicron variant is, but its many mutations set off alarms, lowering hopes of putting the pandemic in the past.",new ‘variant of concern’ fuels global fear of another virus surge,2021-11-26 23:29:47+00:00
305,"quotation of the day for saturday, november 27, 2021.","quotation of the day: omicron mutations may allow a quick spread, w.h.o. says",2021-11-27 03:27:00+00:00
306,"the social media profiles of anti-vaccine victims of the pandemic have made them and their families targets of trolling, even after their deaths.",they died from covid. then the online attacks started.,2021-11-27 10:00:10+00:00
307,the passengers were in the air when the netherlands announced travel restrictions on flights from southern africa.,"the netherlands finds 61 covid cases in air arrivals from south africa, and is checking for the variant.",2021-11-27 10:51:46+00:00
308,"thousands of new cases have been reported among vulnerable elderly residents in the last several months, as the virulent delta variant fuels outbreaks.","as covid infections spread, nursing homes lag behind on the rollout for booster shots",2021-11-27 13:00:11+00:00
309,a couple returning from south africa are germany’s first confirmed omicron cases. italy confirmed a case in a traveler returning from mozambique.,germany confirms cases of the variant in a married couple.,2021-11-27 13:16:46+00:00
310,there are many unknowns but we have the means to manage the variant.,3 questions we must answer about the omicron variant,2021-11-27 15:00:06+00:00
311,the world health organization began naming the variants after greek letters to avoid public confusion and stigma.,"how omicron, the new covid-19 variant, got its name",2021-11-27 15:13:01+00:00
312,dutch health authorities say it’s likely the omicron variant will be detected among 61 infected travelers from south africa.,chaos for passengers in amsterdam is one sign of a scattershot response to the variant.,2021-11-27 15:32:20+00:00
313,"the prime minister reimposed a mask mandate, saying ‘there are many things we just cannot know.’",the u.k. confirms two cases of the omicron coronavirus variant.,2021-11-27 15:38:56+00:00
314,"with countries trying to close their doors to the new coronavirus variant, southern african officials note that the west’s hoarding of vaccines helped create their struggle in the first place.","as omicron variant circles the globe, african nations face blame and bans",2021-11-27 15:51:20+00:00
315,"markets plunged on friday, hope of taming the coronavirus dimmed and a new term entered the pandemic lexicon: omicron.",how did omicron get its name?,2021-11-27 16:51:43+00:00
316,"britain, israel and others announced new restrictions as some health experts urged caution.",the omicron variant upends the global pandemic response.,2021-11-28 00:16:42+00:00
317,"under the world health organization’s system, the omicron variant might have been called nu or xi, but only at the risk of ambiguity or diplomatic awkwardness.","the w.h.o. skips forward two greek letters, avoiding a xi variant.",2021-11-28 01:36:16+00:00
318,here’s what you need to know about the week’s top stories.,"omicron, iran, stephen sondheim: your weekend briefing",2021-11-28 10:43:22+00:00
319,"players from the belenenses team criticized sporting officials for demanding the match go on, saying soccer had “lost its heart.”",a soccer game in portugal is abandoned after covid reduces one team to 9 players.,2021-11-28 13:40:23+00:00
320,the scottish cases come after britain announced three cases of the new variant over the weekend and as the british health secretary urged people to get a booster shot if they were eligible.,"scotland announces 6 cases of omicron, and britain considers widening its booster program.",2021-11-28 14:12:08+00:00
321,south africa gave the world an early warning. decisive action on containment and surveillance could help us control it.,omicron is coming. the u.s. must act now.,2021-11-28 16:00:09+00:00
322,"at least 13 people who arrived in the netherlands on two flights from south africa on friday were infected with the omicron variant of the coronavirus, and more cases will most likely be found, dutch health officials said on sunday.",the netherlands finds at least 13 omicron cases and expects more.,2021-11-28 16:43:02+00:00
323,the country has one of africa’s better vaccination rates: just under one-quarter of its population has been fully inoculated.,"south africa, where omicron was detected, is an outlier on the least vaccinated continent.",2021-11-28 18:32:35+00:00
324,"no cases of the new coronavirus variant have been confirmed in the u.s., but leaders said they were using existing safeguards and watching closely.",governors urge caution in the united states on the omicron variant.,2021-11-28 20:41:41+00:00
325,"getting a vaccination remains the best line of defense against covid-19, the nation’s top two health leaders said on sunday.",biden will give an update on omicron monday as u.s. health officials urge vaccinations.,2021-11-28 20:41:52+00:00
326,"after weeks of heated debate and protests, voters backed using covid certificates that are required to enter public spaces.",swiss voters approve their government’s covid policy in a referendum.,2021-11-28 21:24:46+00:00
327,"with several countries imposing new restrictions, the question now is whether travelers will be deterred.",airlines were seeing a travel rebound before omicron arrived.,2021-11-28 22:08:31+00:00
328,"a “frankenstein mix” of mutations raises concerns, but the variant may remain vulnerable to current vaccines. if not, revisions will be necessary.",will the vaccines stop omicron? scientists are racing to find out.,2021-11-28 23:05:11+00:00
329,a 31-year-old mother and her two children had arrived in queensland a few days ago.,a woman is charged with arson in quarantine hotel fire in australia.,2021-11-29 02:43:10+00:00
330,"after tumbling on friday, the s&p 500 gained more than 1 percent. oil prices and bond yields also rose.",markets rise as investors reconsider the unknowns of the omicron variant.,2021-11-29 09:31:30+00:00
331,"japan, which has been very cautious throughout the pandemic, is again barring all nonresident foreigners. there is an economic and human cost.","as world shuts borders to stop omicron, japan offers a cautionary tale",2021-11-29 10:27:23+00:00
332,what should you assume about the new variant?,the latest on omicron,2021-11-29 11:28:00+00:00
333,"the team, belenenses, took part in a game that had to be abandoned after a covid outbreak reduced the number of eligible players. one infected player had recently returned from south africa.",portugal detects 13 cases of omicron tied to a soccer team.,2021-11-29 11:31:51+00:00
334,investors are re-pricing the risks of the latest coronavirus variant.,markets aren’t that spooked by omicron,2021-11-29 12:14:32+00:00
335,california officials are watching for evidence of the new coronavirus variant and increasing testing at airports.,what to know about omicron,2021-11-29 13:47:26+00:00
336,"aim for an overall healthful dietary pattern, the american heart association advises, rather than focusing on “good” or “bad” foods.",a heart-healthy way to eat,2021-11-29 14:00:38+00:00
337,"officials in scotland confirmed on monday that six cases of the omicron variant of the coronavirus had been recorded in the country and that some of those infected had not traveled recently, suggesting that there was community transmission. but they said there was no evidence that the transmission was “sustained or widespread.”","scotland finds 6 cases of omicron, but no sign its spread is ‘sustained.’",2021-11-29 14:26:48+00:00
338,"officials said that some of the cases of the omicron coronavirus variant were not linked to travel, suggesting community transmission, but that there was no evidence that transmission was sustained or widespread.",scotland reports six omicron cases,2021-11-29 14:57:25+00:00
339,one of the pair tested positive for the coronavirus after they arrived on a flight from south africa. they were quarantined at a hotel.,dutch police arrest a couple who fled quarantine and boarded a plane.,2021-11-29 15:48:58+00:00
340,"the british government was widely criticized for a sluggish response to the delta variant, and its reaction to omicron came markedly quicker.",the u.k. announces omicron cases and extends boosters to all adults.,2021-11-29 16:52:45+00:00
341,"the variant has yet to be detected in the united states, and crucial questions about it remain.","biden calls omicron a ‘cause for concern, not a cause for panic.’",2021-11-29 17:03:27+00:00
342,"president biden called the new omicron coronavirus variant “a cause for concern, not a cause for panic,” and urged americans to get vaccinations and booster shots. the variant has not yet been detected in the united states.",biden urges vaccinations amid omicron variant concerns,2021-11-29 18:52:26+00:00
343,"officials said that while they need more data to be sure, existing treatments and precautions seem to be effective against the omicron variant.",south african scientists caution against panic over the new variant.,2021-11-29 19:04:25+00:00
344,"readers discuss travel bans, globalism and “variants of kindness.”",fear and uncertainty over the omicron variant,2021-11-29 20:20:27+00:00
345,"mutations can work together to make a virus more fearsome, but they can also cancel one another out. this phenomenon, called epistasis, is why scientists are reluctant to speculate on omicron.",omicron carries scary mutations. that doesn’t mean they work well together.,2021-11-29 21:30:52+00:00
346,the injunction is another setback for the biden administration after an appeals court suspended its vaccine mandate for large employers earlier this month.,a judge temporarily blocks a vaccine mandate for health workers in 10 states.,2021-11-29 23:00:01+00:00
347,"almost two years into the pandemic, finger-pointing, lack of coordination, sparse information and fear are once again influencing policy.",here we go again: chaos rules global response to omicron variant,2021-11-29 23:05:41+00:00
348,what we know about omicron.,coronavirus briefing: what happened today,2021-11-29 23:14:05+00:00
349,here’s what you need to know at the end of the day.,"omicron, twitter, cuomo: your monday evening briefing",2021-11-29 23:15:34+00:00
350,"markets slumped on tuesday, and analysts expect a bumpy ride for share prices while experts assess whether existing vaccines will be effective against the new variant.","with omicron’s arrival, stocks will again hang on headlines",2021-11-29 23:20:45+00:00
351,"“here’s what it does: it gives us time,” president biden said of the flight restrictions. he called the new variant a cause for concern, not panic.","with scant information on omicron, biden turned to travel ban to buy time",2021-11-30 00:51:28+00:00
352,"the latest covid variant, omicron, follows alpha, lambda and delta in the greek alphabet.",trevor noah: ‘covid turned the planet into a frat house’,2021-11-30 06:51:23+00:00
353,"rising covid cases have spurred a return to mask-wearing in the u.s. and overseas, at a time when flawed kn95s from china continue to dominate e-commerce sites.","counterfeit covid masks are still sold everywhere, despite misleading claims",2021-11-30 08:00:11+00:00
354,the discovery of the omicron variant adds further pressure to an already buckling continent.,see where covid is surging across europe,2021-11-30 10:00:04+00:00
355,the magazine’s ethicist columnist on weighing religious commitments against civic responsibilities — and more.,is it ok to claim a religious exemption to the covid vaccine?,2021-11-30 10:00:08+00:00
356,"if an expert committee votes to recommend it, the drug, molnupiravir, could be authorized within days for patients at high risk of severe illness.",a panel of f.d.a. advisers is meeting about merck’s covid pill.,2021-11-30 10:10:47+00:00
357,the world health organization has declared that this version of the coronavirus poses a very high risk to public health. how did they come to that conclusion?,what we know about the omicron variant,2021-11-30 11:00:09+00:00
358,have you been paying attention to the news recently? see how many of these 10 questions you can get right.,"weekly news quiz for students: court verdicts, omicron variant, stephen sondheim death",2021-11-30 13:03:24+00:00
359,the pandemic hasn’t pushed people out of the state as much as rearranged where they reside within it.,how covid-19 has changed where californians live,2021-11-30 13:37:19+00:00
360,"it is the latest european nation to announce restrictions on the unvaccinated, as the country tries to stem a surge.","greece makes vaccines mandatory for people 60 or older, with fines for not complying.",2021-11-30 14:21:57+00:00
361,"the company said that analyses and modeling of mutations in the variant suggest that they may weaken the effect of the treatment, but that studies using omicron’s full sequences are incomplete.","regeneron says its antibody treatment may not be as effective against omicron, but testing is underway.",2021-11-30 16:03:10+00:00
362,"intense research into the new coronavirus variant first identified in southern africa, has just begun. world leaders have urged people not to panic — and to get vaccinated, if they can.",omicron: what is known — and still unknown,2021-11-30 17:08:17+00:00
363,"britain’s approach to coronavirus-related restrictions has been looser than other european countries, but the omicron variant has spurred swift action on mitigation measures.","amid variant fears, u.k. discovers limits to its virus strategy",2021-11-30 18:14:44+00:00
364,"unlike alpha, beta and delta, the name of the latest known variant is not as straightforward, with some english speakers offering up diverse pronunciations.",how do you say ‘omicron’?,2021-11-30 18:51:06+00:00
365,the centers for disease control and prevention was “actively looking” for the variant but had not found a case so far.,federal health officials say that they are expanding the search for omicron in the u.s.,2021-11-30 19:34:18+00:00
